genus_identify,mock_01,mock_02,mock_03,mock_04,mock_05,mock_06,mock_07,mock_08,mock_09,mock_10
DeepMicrobes,0.6862745,0.7083333,0.7291667,0.6862745,0.6603774,0.7234043,0.7083333,0.7555556,0.7142857,0.7142857
Kaiju,0.557377,0.5892857,0.5925926,0.6071429,0.6226415,0.6470588,0.6956522,0.6346154,0.5409836,0.6346154
Kaiju-gut,0.7446809,0.85,0.8536585,0.8333333,0.875,0.804878,0.8947368,0.7391304,0.7142857,0.875