genus_identify,mock_01,mock_02,mock_03,mock_04,mock_05,mock_06,mock_07,mock_08,mock_09,mock_10
DeepMicrobes,0.2991453,0.3125,0.2966102,0.2966102,0.3017241,0.2991453,0.2941176,0.2941176,0.2941176,0.3017241
Kaiju,0.03249768,0.03567788,0.02547307,0.02368065,0.02857143,0.04022989,0.04103165,0.03560529,0.02791069,0.03743316
Kaiju-gut,0.3153153,0.3181818,0.3211009,0.3153153,0.3043478,0.3181818,0.3097345,0.3125,0.3017241,0.3097345