genus_identify,mock_01,mock_02,mock_03,mock_04,mock_05,mock_06,mock_07,mock_08,mock_09,mock_10
DeepMicrobes,1,0.9714286,1,1,1,0.9714286,0.9714286,0.9714286,1,1
Kaiju,0.9714286,0.9428571,0.9142857,0.9714286,0.9428571,0.9428571,0.9142857,0.9428571,0.9428571,0.9428571
Kaiju-gut,1,0.9714286,1,1,1,0.9428571,0.9714286,0.9714286,1,1