Tool,mock_01,mock_02,mock_03,mock_04,mock_05,mock_06,mock_07,mock_08,mock_09,mock_10
DeepMicrobes,0.001548821,0.002038279,0.003325585,0.00383803,0.002386363,0.002346239,0.002376358,0.002360564,0.001622689,0.002405065
Kaiju,0.003960916,0.003128954,0.001433699,0.004156016,0.003740496,0.002274768,0.001653859,0.002326275,0.003332062,0.003412558
Kaiju-gut,0.003830283,0.003964365,0.004749682,0.004960972,0.00164968,0.002552865,0.004225545,0.0034543,0.003703537,0.002196822