Tool,mock_01,mock_02,mock_03,mock_04,mock_05,mock_06,mock_07,mock_08,mock_09,mock_10
DeepMicrobes,88.42604,91.86969,90.19212,86.77777,88.32383,90.0024,90.4522,89.82873,89.16462,88.93822
Kaiju,64.13315,63.63946,79.21068,65.2784,63.91742,71.16969,75.23787,70.78605,66.09492,63.23716
Kaiju-gut,81.94647,84.10176,83.5971,81.25984,83.63662,84.55707,82.23445,83.25612,82.14367,85.76932